{
  "project_info": {
    "project_number": "729895437041",
    "firebase_url": "https://bd-app-6cf07.firebaseio.com",
    "project_id": "bd-app-6cf07",
    "storage_bucket": "bd-app-6cf07.appspot.com"
  },
  "client": [
    {
      "client_info": {
        "mobilesdk_app_id": "1:729895437041:android:5ab0fb69a861c191",
        "android_client_info": {
          "package_name": "com.monse.colores"
        }
      },
      "oauth_client": [
        {
          "client_id": "729895437041-h4igr30pnvn1qfvtmdagi56mv3q8q24k.apps.googleusercontent.com",
          "client_type": 1,
          "android_info": {
            "package_name": "com.monse.colores",
            "certificate_hash": "d8e947a2a82ed1285ad93d09d2e014508681caca"
          }
        },
        {
          "client_id": "729895437041-0vekqmf7l5t7tr92qd3f64bjpa0rev0u.apps.googleusercontent.com",
          "client_type": 3
        }
      ],
      "api_key": [
        {
          "current_key": "AIzaSyBN6ry8WOc95GbkxzkAKPo4RyIGUu-e2So"
        }
      ],
      "services": {
        "appinvite_service": {
          "other_platform_oauth_client": [
            {
              "client_id": "729895437041-0vekqmf7l5t7tr92qd3f64bjpa0rev0u.apps.googleusercontent.com",
              "client_type": 3
            }
          ]
        }
      }
    },
    {
      "client_info": {
        "mobilesdk_app_id": "1:729895437041:android:dd192a479939ce7b",
        "android_client_info": {
          "package_name": "tech.alvarez.androidfirebaserealtimedatabasesample"
        }
      },
      "oauth_client": [
        {
          "client_id": "729895437041-0vekqmf7l5t7tr92qd3f64bjpa0rev0u.apps.googleusercontent.com",
          "client_type": 3
        }
      ],
      "api_key": [
        {
          "current_key": "AIzaSyBN6ry8WOc95GbkxzkAKPo4RyIGUu-e2So"
        }
      ],
      "services": {
        "appinvite_service": {
          "other_platform_oauth_client": [
            {
              "client_id": "729895437041-0vekqmf7l5t7tr92qd3f64bjpa0rev0u.apps.googleusercontent.com",
              "client_type": 3
            }
          ]
        }
      }
    }
  ],
  "configuration_version": "1"
}